{
  "version": "2026-03-22T09:36:48.798144+00:00",
  "forward_bars": 15,
  "validation_ic": 0.202,
  "top_n": 40,
  "selected_features": [
    "mtf_rsi_15m",
    "orb_dev",
    "mtf_confluence",
    "mtf_trend_15m",
    "orb_vpin_interact",
    "macd_signal",
    "bb_width",
    "atr_pct",
    "mtf_trend_5m",
    "obv",
    "vwap_slope_5",
    "orb_range_atr",
    "kc_upper",
    "atr_14",
    "im_vol_regime_return",
    "day_of_week",
    "vwap_dev",
    "time_to_close",
    "adx",
    "vpin_50",
    "vpin_zscore",
    "dmn",
    "vwap_slope_15",
    "ema_cross_21_50",
    "bb_upper",
    "cci_20",
    "ema_9",
    "rs_vwap_dev",
    "vol_ratio",
    "macd",
    "fib_retrace_pos",
    "bb_lower",
    "returns_15b",
    "sr_resist_dist",
    "vwap_time_interact",
    "im_momentum_quality",
    "roc_10",
    "ema_50",
    "vol_climax_zscore",
    "macd_hist"
  ],
  "shap_importances": {
    "mtf_rsi_15m": 0.0007151309562880921,
    "orb_dev": 0.0002711904009090629,
    "mtf_confluence": 0.00023101897154964219,
    "mtf_trend_15m": 0.00021465047284975727,
    "orb_vpin_interact": 8.671726613236046e-05,
    "macd_signal": 8.331570444087565e-05,
    "bb_width": 7.994367197032018e-05,
    "atr_pct": 7.544595394440038e-05,
    "mtf_trend_5m": 6.222487589875841e-05,
    "obv": 6.216429108770769e-05,
    "vwap_slope_5": 6.074961814939965e-05,
    "orb_range_atr": 6.056398907244164e-05,
    "kc_upper": 5.8923459985124295e-05,
    "atr_14": 5.497041959715937e-05,
    "im_vol_regime_return": 5.3760704740004615e-05,
    "day_of_week": 5.328083337962694e-05,
    "vwap_dev": 5.2325929309289364e-05,
    "time_to_close": 5.134759167336139e-05,
    "adx": 5.05710093022314e-05,
    "vpin_50": 5.029542368258244e-05,
    "vpin_zscore": 4.907926528719735e-05,
    "dmn": 4.582416183108307e-05,
    "vwap_slope_15": 4.413742622672549e-05,
    "ema_cross_21_50": 4.40334616665475e-05,
    "bb_upper": 4.374803262923356e-05,
    "cci_20": 4.162397161329887e-05,
    "ema_9": 3.889469823684495e-05,
    "rs_vwap_dev": 3.8849448991960636e-05,
    "vol_ratio": 3.8685684841112937e-05,
    "macd": 3.846377921170217e-05,
    "fib_retrace_pos": 3.6178968934176144e-05,
    "bb_lower": 3.3646127593661e-05,
    "returns_15b": 3.328855482450246e-05,
    "sr_resist_dist": 2.9270768994187734e-05,
    "vwap_time_interact": 2.8886977659174508e-05,
    "im_momentum_quality": 2.863250049010154e-05,
    "roc_10": 2.7891680033909932e-05,
    "ema_50": 2.6839036503255847e-05,
    "vol_climax_zscore": 2.6759085855853066e-05,
    "macd_hist": 2.6499417911000254e-05,
    "obv_pct": 2.6412642120208107e-05,
    "high_low_range": 2.639478804915753e-05,
    "dmp": 2.5907510252666648e-05,
    "bb_mid": 2.566444647373926e-05,
    "vwap_daily": 2.5154890490472332e-05,
    "regime_time": 2.447297407868405e-05,
    "sr_support_dist": 2.400204619349283e-05,
    "rsi_14": 2.3841903585161664e-05,
    "mfi_14": 2.3043791163020157e-05,
    "vol_seasonal_ratio": 2.1397932551711767e-05,
    "kc_lower": 1.9749288438350322e-05,
    "atr_vol_interact": 1.9373882575476615e-05,
    "returns_5b": 1.869538919679007e-05,
    "ad_line_slope": 1.7495408127450944e-05,
    "rs_15m": 1.74791969064828e-05,
    "ema_21": 1.641956306661462e-05,
    "min_since_open": 1.5416073281335948e-05,
    "regime": 1.5003293270043484e-05,
    "stoch_d": 1.4701748766672079e-05,
    "mom_10": 1.1753098290071976e-05,
    "bb_pct": 9.13085393960967e-06,
    "stoch_k": 7.794419252844784e-06,
    "div_rsi": 7.263018018087043e-06,
    "candle_three_soldiers": 6.6680305706196335e-06,
    "candle_upper_shadow": 6.5272327289876075e-06,
    "donchian_pos": 6.318377035669827e-06,
    "gap_pct": 6.0402993785359835e-06,
    "mtf_aligned": 5.594746265457603e-06,
    "fib_dist": 5.516559735086124e-06,
    "returns_1b": 5.373286641594428e-06,
    "rs_1m": 5.073792008924116e-06,
    "div_strength": 4.981375833425777e-06,
    "kc_mid": 4.266062130466044e-06,
    "fib_nearest_level": 3.750617473213216e-06,
    "mtf_trend_60m": 3.0925614600675447e-06,
    "willr_14": 2.9842213340958687e-06,
    "close_vs_high": 2.7347953275669617e-06,
    "div_macd": 2.330710111929323e-06,
    "ema_cross_9_21": 1.959819925648416e-06,
    "vol_climax_intensity": 1.923768137292869e-06,
    "candle_body_ratio": 1.5900220271384911e-06,
    "candle_lower_shadow": 1.223939808615302e-06,
    "im_exhaustion_index": 1.0655806828685713e-06,
    "is_close_window": 7.762708027411118e-07,
    "psar_signal": 3.976079695411824e-07,
    "orb_break_dn": 3.623664242727495e-07,
    "vol_climax_signal": 7.762885304084565e-08,
    "candle_engulfing": 1.7675110206277622e-08,
    "is_lunch": 0.0,
    "vwap_above": 0.0,
    "candle_doji": 0.0,
    "orb_break_up": 0.0,
    "sd_in_demand": 0.0,
    "sd_in_supply": 0.0,
    "candle_hammer": 0.0,
    "candle_tweezer": 0.0,
    "is_open_window": 0.0,
    "candle_direction": 0.0,
    "sd_zone_strength": 0.0,
    "candle_inside_bar": 0.0,
    "donchian_breakout": 0.0,
    "candle_morning_eve_star": 0.0
  }
}