{
  "version": "2026-03-07T19:45:44.252861+00:00",
  "forward_bars": 5,
  "validation_ic": 0.0265,
  "top_n": 30,
  "selected_features": [
    "atr_pct",
    "adx",
    "atr_14",
    "vol_ratio",
    "obv",
    "bb_width",
    "macd",
    "day_of_week",
    "vol_seasonal_ratio",
    "vpin_50",
    "vpin_zscore",
    "time_to_close",
    "dmp",
    "dmn",
    "macd_signal",
    "obv_pct",
    "cci_20",
    "returns_15b",
    "macd_hist",
    "bb_upper",
    "mfi_14",
    "high_low_range",
    "returns_5b",
    "ema_50",
    "returns_1b",
    "bb_lower",
    "stoch_d",
    "ema_9",
    "rsi_14",
    "stoch_k"
  ],
  "shap_importances": {
    "atr_pct": 6.572163935803367e-05,
    "adx": 5.7198163390088416e-05,
    "atr_14": 5.5633237717108206e-05,
    "vol_ratio": 5.4319540272353385e-05,
    "obv": 5.327842711639168e-05,
    "bb_width": 4.9083214844680584e-05,
    "macd": 4.815657459539093e-05,
    "day_of_week": 4.800885551604821e-05,
    "vol_seasonal_ratio": 4.3386723984840734e-05,
    "vpin_50": 4.2190420751365905e-05,
    "vpin_zscore": 3.851374617125595e-05,
    "time_to_close": 3.7440862958304005e-05,
    "dmp": 3.518085078116319e-05,
    "dmn": 3.067231993215884e-05,
    "macd_signal": 2.9808618341438616e-05,
    "obv_pct": 2.9125016730071074e-05,
    "cci_20": 2.8266735534344434e-05,
    "returns_15b": 2.6754641911373572e-05,
    "macd_hist": 2.6668718151529275e-05,
    "bb_upper": 2.5772922333851767e-05,
    "mfi_14": 2.3606916080278476e-05,
    "high_low_range": 2.2263029409527263e-05,
    "returns_5b": 2.1842744913830857e-05,
    "ema_50": 2.070557561427574e-05,
    "returns_1b": 1.9138825343035576e-05,
    "bb_lower": 1.8701526289887944e-05,
    "stoch_d": 1.84948659816118e-05,
    "ema_9": 1.7784976574488937e-05,
    "rsi_14": 1.6639600586818025e-05,
    "stoch_k": 1.5780392906095576e-05,
    "gap_pct": 1.5694275214004485e-05,
    "roc_10": 1.5137785563754603e-05,
    "bb_pct": 1.377136643400611e-05,
    "kc_upper": 1.329545345688428e-05,
    "bb_mid": 1.2383572351096537e-05,
    "mom_10": 1.2201214558306516e-05,
    "kc_lower": 1.143280331466377e-05,
    "willr_14": 1.061132644774334e-05,
    "ema_21": 1.0529804141684014e-05,
    "close_vs_high": 1.034646391141208e-05,
    "kc_mid": 1.0222206318087082e-05,
    "min_since_open": 8.796475626219328e-06,
    "ema_cross_21_50": 4.644481241666454e-06,
    "is_close_window": 1.3440936686988662e-06,
    "ema_cross_9_21": 2.5619348791436324e-07,
    "is_lunch": 0.0,
    "is_open_window": 0.0
  }
}